5f,Tidak Baku
7an,Tidak Baku
abis,Tidak Baku
abjat,Tidak Baku
ad,Tidak Baku
adek,Tidak Baku
adpokat,Tidak Baku
aduduh,Tidak Baku
aduh,Tidak Baku
adzan,Tidak Baku
afdol,Tidak Baku
agamawan,Tidak Baku
agan,Tidak Baku
agp,Tidak Baku
ahlak,Tidak Baku
aing,Tidak Baku
aj,Tidak Baku
ajah,Tidak Baku
ajib,Tidak Baku
ajk,Tidak Baku
ak,Tidak Baku
akhir2,Tidak Baku
aktifitas,Tidak Baku
aktip,Tidak Baku
alat2,Tidak Baku
alay,Tidak Baku
allah,Tidak Baku
alm,Tidak Baku
almt,Tidak Baku
amandemen,Tidak Baku
ambeyen,Tidak Baku
ambulan,Tidak Baku
ampau,Tidak Baku
amphibi,Tidak Baku
amsyong,Tidak Baku
anak2,Tidak Baku
analisa,Tidak Baku
anda,Tidak Baku
ane,Tidak Baku
anged,Tidak Baku
anget,Tidak Baku
anggep,Tidak Baku
anjay,Tidak Baku
anjir,Tidak Baku
anjrit,Tidak Baku
ank,Tidak Baku
antene,Tidak Baku
antri,Tidak Baku
anu,Tidak Baku
anugrah,Tidak Baku
anying,Tidak Baku
ap,Tidak Baku
apaa,Tidak Baku
apaansi,Tidak Baku
apah,Tidak Baku
apakh,Tidak Baku
apal,Tidak Baku
apalgi,Tidak Baku
apaya,Tidak Baku
apayaa,Tidak Baku
apdet,Tidak Baku
aplod,Tidak Baku
aposeh,Tidak Baku
apotik,Tidak Baku
apus,Tidak Baku
aq,Tidak Baku
aqu,Tidak Baku
asdos,Tidak Baku
asek,Tidak Baku
asem,Tidak Baku
asik,Tidak Baku
astronot,Tidak Baku
asyek,Tidak Baku
asyekk,Tidak Baku
atheis,Tidak Baku
ati2,Tidak Baku
atlit,Tidak Baku
atmosfir,Tidak Baku
ato,Tidak Baku
atuh,Tidak Baku
atw,Tidak Baku
audisi,Tidak Baku
autis,Tidak Baku
awal2,Tidak Baku
awl,Tidak Baku
ayang,Tidak Baku
ayank,Tidak Baku
ayanq,Tidak Baku
ayk,Tidak Baku
ayok,Tidak Baku
ayuk,Tidak Baku
ayukz,Tidak Baku
azas,Tidak Baku
babe,Tidak Baku
badmood,Tidak Baku
bag,Tidak Baku
bahan2,Tidak Baku
bahas2,Tidak Baku
baik2,Tidak Baku
balan,Tidak Baku
bales,Tidak Baku
balesin,Tidak Baku
balik2,Tidak Baku
balsem,Tidak Baku
bangeet,Tidak Baku
banget,Tidak Baku
bangett,Tidak Baku
bangit,Tidak Baku
bangsat,Tidak Baku
banyakk,Tidak Baku
baper,Tidak Baku
barang2,Tidak Baku
barokah,Tidak Baku
batalyon,Tidak Baku
baterei,Tidak Baku
batre,Tidak Baku
batrenya,Tidak Baku
bawa2,Tidak Baku
bbm,Tidak Baku
bbrapa,Tidak Baku
bbrp,Tidak Baku
bdan,Tidak Baku
bebep,Tidak Baku
beberes,Tidak Baku
begimana,Tidak Baku
belago,Tidak Baku
belagu,Tidak Baku
belom,Tidak Baku
benar2,Tidak Baku
bences,Tidak Baku
bencong,Tidak Baku
benda2,Tidak Baku
bener,Tidak Baku
bener2,Tidak Baku
beneran,Tidak Baku
benr,Tidak Baku
berbusa2,Tidak Baku
beres2,Tidak Baku
berfikir,Tidak Baku
berhrap,Tidak Baku
berjam2,Tidak Baku
berulang2,Tidak Baku
bete,Tidak Baku
betoel,Tidak Baku
betul2,Tidak Baku
bg,Tidak Baku
bgg,Tidak Baku
bgian,Tidak Baku
bgini,Tidak Baku
bgmn,Tidak Baku
bgs,Tidak Baku
bgst,Tidak Baku
bgt,Tidak Baku
bgtu,Tidak Baku
bgus,Tidak Baku
bhs,Tidak Baku
bhsa,Tidak Baku
bhw,Tidak Baku
biaya2,Tidak Baku
bibit2,Tidak Baku
biosfir,Tidak Baku
bis,Tidak Baku
bju,Tidak Baku
bk,Tidak Baku
bka,Tidak Baku
bkn,Tidak Baku
bkng,Tidak Baku
bkr,Tidak Baku
blan,Tidak Baku
blangko,Tidak Baku
bleh,Tidak Baku
blg,Tidak Baku
blh,Tidak Baku
bli,Tidak Baku
bliau,Tidak Baku
blkg,Tidak Baku
blkng,Tidak Baku
blm,Tidak Baku
bln,Tidak Baku
blom,Tidak Baku
bls,Tidak Baku
blum,Tidak Baku
bnar,Tidak Baku
bnda,Tidak Baku
bner,Tidak Baku
bnerz,Tidak Baku
bnget,Tidak Baku
bngt,Tidak Baku
bnr,Tidak Baku
bntr,Tidak Baku
bnyak,Tidak Baku
bnyak2,Tidak Baku
bnyk,Tidak Baku
bobo,Tidak Baku
boboin,Tidak Baku
bocah2,Tidak Baku
bodo,Tidak Baku
bokap,Tidak Baku
boker,Tidak Baku
boleh2,Tidak Baku
bonyok,Tidak Baku
boong,Tidak Baku
boongnya,Tidak Baku
bosen,Tidak Baku
bosenan,Tidak Baku
bosenin,Tidak Baku
bp,Tidak Baku
bpk,Tidak Baku
brandal,Tidak Baku
brangkas,Tidak Baku
brarti,Tidak Baku
brasa,Tidak Baku
brg,Tidak Baku
brng,Tidak Baku
bro,Tidak Baku
brondong,Tidak Baku
brp,Tidak Baku
brpa,Tidak Baku
bru,Tidak Baku
bs,Tidak Baku
bsa,Tidak Baku
bsar,Tidak Baku
bsh,Tidak Baku
bsk,Tidak Baku
bsn,Tidak Baku
bsok,Tidak Baku
bsr,Tidak Baku
btol,Tidak Baku
btw,Tidak Baku
buanget,Tidak Baku
budeg,Tidak Baku
budhe,Tidak Baku
budjet,Tidak Baku
bukak,Tidak Baku
bukanny,Tidak Baku
bukber,Tidak Baku
bukde,Tidak Baku
bulet,Tidak Baku
buluk,Tidak Baku
bulutangkis,Tidak Baku
buru2,Tidak Baku
butu,Tidak Baku
bw,Tidak Baku
bwt,Tidak Baku
byk,Tidak Baku
byr,Tidak Baku
cabe,Tidak Baku
cacimaki,Tidak Baku
cakep,Tidak Baku
capcus,Tidak Baku
cape,Tidak Baku
capek,Tidak Baku
cayaank,Tidak Baku
cayang,Tidak Baku
cayank,Tidak Baku
cbt,Tidak Baku
ce,Tidak Baku
ceban,Tidak Baku
cekidot,Tidak Baku
cekrek,Tidak Baku
celaloe,Tidak Baku
celalu,Tidak Baku
cemangat,Tidak Baku
cemen,Tidak Baku
cemingit,Tidak Baku
cemungut,Tidak Baku
cemungutt,Tidak Baku
cenderamata,Tidak Baku
cendikiawan,Tidak Baku
cengkeh,Tidak Baku
cengkram,Tidak Baku
cepek,Tidak Baku
cepet,Tidak Baku
cepet2,Tidak Baku
cew,Tidak Baku
cewe,Tidak Baku
cewee,Tidak Baku
cewenya,Tidak Baku
choy,Tidak Baku
cian,Tidak Baku
ciank,Tidak Baku
ciapa,Tidak Baku
cidera,Tidak Baku
cie,Tidak Baku
cincay,Tidak Baku
cingcong,Tidak Baku
cini,Tidak Baku
circus,Tidak Baku
cius,Tidak Baku
ciye,Tidak Baku
ckck,Tidak Baku
ckp,Tidak Baku
claloeh,Tidak Baku
clalu,Tidak Baku
clamanya,Tidak Baku
clana,Tidak Baku
client,Tidak Baku
cm,Tidak Baku
cmn,Tidak Baku
cnth,Tidak Baku
cntik,Tidak Baku
cntk,Tidak Baku
co,Tidak Baku
coklat,Tidak Baku
copas,Tidak Baku
cowo,Tidak Baku
coy,Tidak Baku
cp,Tidak Baku
cpt,Tidak Baku
cr,Tidak Baku
cri,Tidak Baku
critanya,Tidak Baku
cth,Tidak Baku
cuek,Tidak Baku
culun,Tidak Baku
cungkring,Tidak Baku
cupu,Tidak Baku
curanmor,Tidak Baku
curhat,Tidak Baku
cuy,Tidak Baku
cuyunk,Tidak Baku
cw,Tidak Baku
da,Tidak Baku
daerah2,Tidak Baku
dah,Tidak Baku
dapet,Tidak Baku
dapetin,Tidak Baku
daptar,Tidak Baku
dateng,Tidak Baku
datengnya,Tidak Baku
dduk,Tidak Baku
debitor,Tidak Baku
defiasi,Tidak Baku
degdegan,Tidak Baku
deket,Tidak Baku
deketin,Tidak Baku
dekrit,Tidak Baku
demen,Tidak Baku
deng,Tidak Baku
denger,Tidak Baku
dengerin,Tidak Baku
dengernya,Tidak Baku
depo,Tidak Baku
dermawand,Tidak Baku
designnya,Tidak Baku
destilasi,Tidak Baku
detil,Tidak Baku
dftar,Tidak Baku
dg,Tidak Baku
dgn,Tidak Baku
dgr,Tidak Baku
dgrin,Tidak Baku
diagnosa,Tidak Baku
diapalin,Tidak Baku
diblkg,Tidak Baku
diblututin,Tidak Baku
dicharge,Tidak Baku
didengerin,Tidak Baku
diem,Tidak Baku
difollback,Tidak Baku
digebug,Tidak Baku
digebukin,Tidak Baku
dihadang,Tidak Baku
dikit,Tidak Baku
dikit2,Tidak Baku
diklat,Tidak Baku
dimana2,Tidak Baku
dimanaa,Tidak Baku
dipake,Tidak Baku
dipinjemin,Tidak Baku
dipungkiri,Tidak Baku
disbbkan,Tidak Baku
diselesein,Tidak Baku
disimpen,Tidak Baku
diskonek,Tidak Baku
diskongratis,Tidak Baku
diskotik,Tidak Baku
ditegor,Tidak Baku
ditilep,Tidak Baku
diutamakn,Tidak Baku
dj,Tidak Baku
dkat,Tidak Baku
dket,Tidak Baku
dkit,Tidak Baku
dkt,Tidak Baku
dlam,Tidak Baku
dll,Tidak Baku
dlm,Tidak Baku
dlu,Tidak Baku
dm,Tidak Baku
dn,Tidak Baku
dng,Tidak Baku
dnger,Tidak Baku
dngerin,Tidak Baku
dngr,Tidak Baku
doang,Tidak Baku
dodol,Tidak Baku
doi,Tidak Baku
doku,Tidak Baku
dollar,Tidak Baku
dong,Tidak Baku
donk,Tidak Baku
doong,Tidak Baku
dopin,Tidak Baku
dosn,Tidak Baku
dpan,Tidak Baku
dpn,Tidak Baku
dprd,Tidak Baku
dpt,Tidak Baku
dr,Tidak Baku
drainage,Tidak Baku
drakor,Tidak Baku
dramatisir,Tidak Baku
dri,Tidak Baku
drpada,Tidak Baku
drpd,Tidak Baku
dsb,Tidak Baku
dsn,Tidak Baku
dsni,Tidak Baku
dtg,Tidak Baku
dtng,Tidak Baku
dudukny,Tidak Baku
dugem,Tidak Baku
duit,Tidak Baku
dulu,Tidak Baku
duluan,Tidak Baku
dulunya,Tidak Baku
duren,Tidak Baku
dwnload,Tidak Baku
efektip,Tidak Baku
eke,Tidak Baku
ekskul,Tidak Baku
ekstrim,Tidak Baku
ekstrimis,Tidak Baku
ektrim,Tidak Baku
ektstrovert,Tidak Baku
elit,Tidak Baku
elo,Tidak Baku
elu,Tidak Baku
emak,Tidak Baku
emg,Tidak Baku
emng,Tidak Baku
emoh,Tidak Baku
enag,Tidak Baku
enerjik,Tidak Baku
engga,Tidak Baku
ente,Tidak Baku
esei,Tidak Baku
esok,Tidak Baku
etdah,Tidak Baku
euy,Tidak Baku
extra,Tidak Baku
eyke,Tidak Baku
faham,Tidak Baku
faksimil,Tidak Baku
fb,Tidak Baku
fesbuk,Tidak Baku
fikir,Tidak Baku
fitur,Tidak Baku
formil,Tidak Baku
foto2,Tidak Baku
fotograper,Tidak Baku
fotosintesa,Tidak Baku
frase,Tidak Baku
frekwensi,Tidak Baku
fulus,Tidak Baku
g,Tidak Baku
g7,Tidak Baku
ga,Tidak Baku
gaa,Tidak Baku
gaada,Tidak Baku
gabakal,Tidak Baku
gaban,Tidak Baku
gabisa,Tidak Baku
gabut,Tidak Baku
gadget,Tidak Baku
gaenak,Tidak Baku
gaes,Tidak Baku
gajauh,Tidak Baku
gajelas,Tidak Baku
gajetnya,Tidak Baku
gak,Tidak Baku
gaklah,Tidak Baku
gakpapa,Tidak Baku
gakuat,Tidak Baku
galau,Tidak Baku
galaw,Tidak Baku
galawlah,Tidak Baku
gamau,Tidak Baku
gamer,Tidak Baku
gan,Tidak Baku
gapapa,Tidak Baku
gapernah,Tidak Baku
gaplok,Tidak Baku
gapunya,Tidak Baku
gara2,Tidak Baku
garing,Tidak Baku
garuk2,Tidak Baku
gasuka,Tidak Baku
gatau,Tidak Baku
gaul,Tidak Baku
gausah,Tidak Baku
gawe,Tidak Baku
gawean,Tidak Baku
gbungkn,Tidak Baku
gd,Tidak Baku
gda,Tidak Baku
gde,Tidak Baku
gebetan,Tidak Baku
geblek,Tidak Baku
gebukin,Tidak Baku
gegara,Tidak Baku
gemes,Tidak Baku
gengs,Tidak Baku
ggu,Tidak Baku
ghaib,Tidak Baku
giji,Tidak Baku
gilak,Tidak Baku
gimana,Tidak Baku
gini,Tidak Baku
giniin,Tidak Baku
gitchu,Tidak Baku
gituin,Tidak Baku
gitukeknya,Tidak Baku
gk,Tidak Baku
gladi,Tidak Baku
gmn,Tidak Baku
gmna,Tidak Baku
gmpng,Tidak Baku
gn,Tidak Baku
gnggu,Tidak Baku
goa,Tidak Baku
goblog,Tidak Baku
goblok,Tidak Baku
gocap,Tidak Baku
gokil,Tidak Baku
googling,Tidak Baku
gopek,Tidak Baku
goyang2in,Tidak Baku
gpp,Tidak Baku
greget,Tidak Baku
gregetnya,Tidak Baku
greng,Tidak Baku
gria,Tidak Baku
grop,Tidak Baku
gt,Tidak Baku
gtu,Tidak Baku
gubug,Tidak Baku
gudek,Tidak Baku
gue,Tidak Baku
gugel,Tidak Baku
guwe,Tidak Baku
guys,Tidak Baku
gw,Tidak Baku
gwa,Tidak Baku
gy,Tidak Baku
haay,Tidak Baku
hackernya,Tidak Baku
hadehhh,Tidak Baku
hadist,Tidak Baku
haduuh,Tidak Baku
hah,Tidak Baku
haha,Tidak Baku
hahaha,Tidak Baku
hahahahaha,Tidak Baku
hahahahahaha,Tidak Baku
hahahahahahaha,Tidak Baku
hakekat,Tidak Baku
halah,Tidak Baku
handal,Tidak Baku
hapal,Tidak Baku
hapalin,Tidak Baku
hape,Tidak Baku
hapean,Tidak Baku
hapenya,Tidak Baku
harusny,Tidak Baku
hay,Tidak Baku
hbgn,Tidak Baku
hbis,Tidak Baku
hbngn,Tidak Baku
hbs,Tidak Baku
hbt,Tidak Baku
hee,Tidak Baku
hehe,Tidak Baku
hehehe,Tidak Baku
hehehhe,Tidak Baku
hektar,Tidak Baku
hembus,Tidak Baku
hengpon,Tidak Baku
henpon,Tidak Baku
hey,Tidak Baku
heyy,Tidak Baku
hh,Tidak Baku
hii,Tidak Baku
hijaber,Tidak Baku
hiks,Tidak Baku
himbau,Tidak Baku
hipotesa,Tidak Baku
hirarki,Tidak Baku
hisap,Tidak Baku
hoaks,Tidak Baku
hoi,Tidak Baku
hox,Tidak Baku
hp,Tidak Baku
hpmu,Tidak Baku
hr,Tidak Baku
hrf,Tidak Baku
hrg,Tidak Baku
hri,Tidak Baku
hrp,Tidak Baku
hrs,Tidak Baku
hrus,Tidak Baku
hsil,Tidak Baku
hsl,Tidak Baku
ht2,Tidak Baku
hti,Tidak Baku
hub,Tidak Baku
hutang,Tidak Baku
ibuk2,Tidak Baku
idup,Tidak Baku
ig,Tidak Baku
igtkn,Tidak Baku
ihlas,Tidak Baku
ijasah,Tidak Baku
ijin,Tidak Baku
ijinkan,Tidak Baku
ikut2an,Tidak Baku
ilang,Tidak Baku
ilang2an,Tidak Baku
imut,Tidak Baku
indo,Tidak Baku
indra,Tidak Baku
influensa,Tidak Baku
infra merah,Tidak Baku
inget,Tidak Baku
injekin,Tidak Baku
inpus,Tidak Baku
insyaallah,Tidak Baku
insyaf,Tidak Baku
inteligen,Tidak Baku
inten,Tidak Baku
intermezo,Tidak Baku
internet,Tidak Baku
interprestasi,Tidak Baku
intruksi,Tidak Baku
intrupsi,Tidak Baku
iseng2,Tidak Baku
islam,Tidak Baku
islamiyah,Tidak Baku
isteri,Tidak Baku
istighfar,Tidak Baku
istirht,Tidak Baku
itutuh,Tidak Baku
iyaa,Tidak Baku
iyasih,Tidak Baku
iyups,Tidak Baku
jadual,Tidak Baku
jadul,Tidak Baku
jagad,Tidak Baku
jagoo,Tidak Baku
jaim,Tidak Baku
jajan,Tidak Baku
jakt,Tidak Baku
jamaah,Tidak Baku
jaman,Tidak Baku
jamanya,Tidak Baku
jamred,Tidak Baku
japri,Tidak Baku
jatoh,Tidak Baku
jatohnya,Tidak Baku
jd,Tidak Baku
jdi,Tidak Baku
jejaring,Tidak Baku
jenasah,Tidak Baku
jendral,Tidak Baku
jengkel,Tidak Baku
jepit2an,Tidak Baku
jg,Tidak Baku
jgan,Tidak Baku
jgn,Tidak Baku
jinah,Tidak Baku
jl,Tidak Baku
jlan,Tidak Baku
jlek,Tidak Baku
jln,Tidak Baku
jml,Tidak Baku
jmlh,Tidak Baku
jmt,Tidak Baku
jngn,Tidak Baku
jomblo,Tidak Baku
jrg,Tidak Baku
jrng,Tidak Baku
ju2r,Tidak Baku
jubir,Tidak Baku
judikatif,Tidak Baku
judisial,Tidak Baku
jugak,Tidak Baku
jujur2an,Tidak Baku
jum,Tidak Baku
jur,Tidak Baku
jurisdiksi,Tidak Baku
jursn,Tidak Baku
justeru,Tidak Baku
jwb,Tidak Baku
jwbnya,Tidak Baku
kabor,Tidak Baku
kacian,Tidak Baku
kaco,Tidak Baku
kadaluwarsa,Tidak Baku
kader2,Tidak Baku
kaedah,Tidak Baku
kaga,Tidak Baku
kagak,Tidak Baku
kahwin,Tidak Baku
kalee,Tidak Baku
kalo,Tidak Baku
kamoe,Tidak Baku
kampret,Tidak Baku
kangker,Tidak Baku
karir,Tidak Baku
karisma,Tidak Baku
karna,Tidak Baku
kasian,Tidak Baku
kasus2,Tidak Baku
katalisa,Tidak Baku
katrok,Tidak Baku
kawan2,Tidak Baku
kawe,Tidak Baku
kayak,Tidak Baku
kcewa,Tidak Baku
kcl,Tidak Baku
kdg,Tidak Baku
kdng,Tidak Baku
kecian,Tidak Baku
kedele,Tidak Baku
kedelei,Tidak Baku
kegep,Tidak Baku
keinget,Tidak Baku
keinjek,Tidak Baku
keitung,Tidak Baku
keles,Tidak Baku
kelon,Tidak Baku
keloter,Tidak Baku
kemaren,Tidak Baku
kenapaa,Tidak Baku
kenapaya,Tidak Baku
kendor,Tidak Baku
kentut,Tidak Baku
kepo,Tidak Baku
kepret,Tidak Baku
kere,Tidak Baku
keren,Tidak Baku
kerjaa,Tidak Baku
kerjaanya,Tidak Baku
kerna,Tidak Baku
kesel,Tidak Baku
kesian,Tidak Baku
ketauhilah,Tidak Baku
ketidurn,Tidak Baku
ketrampilan,Tidak Baku
kewarganegaraan,Tidak Baku
kga,Tidak Baku
kgk,Tidak Baku
kh,Tidak Baku
kharisma,Tidak Baku
kharismatik,Tidak Baku
khutbah,Tidak Baku
kinclong,Tidak Baku
kiyai,Tidak Baku
kkn,Tidak Baku
kl,Tidak Baku
klakuan,Tidak Baku
klau,Tidak Baku
klmpok,Tidak Baku
klo,Tidak Baku
kluarkn,Tidak Baku
klw,Tidak Baku
km,Tidak Baku
kmana,Tidak Baku
kmarin,Tidak Baku
kmn,Tidak Baku
kmnangan,Tidak Baku
kmpung,Tidak Baku
kmren,Tidak Baku
kmrin,Tidak Baku
kmrn,Tidak Baku
kmu,Tidak Baku
knp,Tidak Baku
koar2,Tidak Baku
koboy,Tidak Baku
kok,Tidak Baku
komen2,Tidak Baku
komersil,Tidak Baku
komfirmasi,Tidak Baku
komplek,Tidak Baku
komplit,Tidak Baku
kongkrit,Tidak Baku
konkrit,Tidak Baku
konsekwensi,Tidak Baku
konsleting,Tidak Baku
kopas,Tidak Baku
kopel,Tidak Baku
koplak,Tidak Baku
kosa kata,Tidak Baku
kost,Tidak Baku
kpd,Tidak Baku
kple,Tidak Baku
kpn,Tidak Baku
kpolisian,Tidak Baku
krea,Tidak Baku
kreatifitas,Tidak Baku
kreatip,Tidak Baku
krg,Tidak Baku
krg ,Tidak Baku
krja,Tidak Baku
krm,Tidak Baku
krn,Tidak Baku
krna,Tidak Baku
krng,Tidak Baku
krny,Tidak Baku
ksl,Tidak Baku
ktawa,Tidak Baku
ktny,Tidak Baku
ktnya,Tidak Baku
kturunan,Tidak Baku
kuat2,Tidak Baku
kudet,Tidak Baku
kul,Tidak Baku
kulyh,Tidak Baku
kwalitas,Tidak Baku
kwarsa,Tidak Baku
kwitansi,Tidak Baku
kwn,Tidak Baku
kworum,Tidak Baku
ky,Tidak Baku
kyai,Tidak Baku
kyk,Tidak Baku
kykny,Tidak Baku
kzl,Tidak Baku
laen,Tidak Baku
lag,Tidak Baku
lagu2,Tidak Baku
lap,Tidak Baku
lapal,Tidak Baku
laper,Tidak Baku
lbh,Tidak Baku
lbih,Tidak Baku
lebay,Tidak Baku
legalisir,Tidak Baku
lekong,Tidak Baku
lembab,Tidak Baku
lembaga2,Tidak Baku
lembiru,Tidak Baku
lg,Tidak Baku
lgi,Tidak Baku
lgsg,Tidak Baku
lgsung,Tidak Baku
lgu,Tidak Baku
lho,Tidak Baku
lht,Tidak Baku
liat,Tidak Baku
lk,Tidak Baku
lo,Tidak Baku
lobang,Tidak Baku
loh,Tidak Baku
lol,Tidak Baku
lom,Tidak Baku
lp,Tidak Baku
lpa,Tidak Baku
lpr,Tidak Baku
lt,Tidak Baku
lu,Tidak Baku
lucu2an,Tidak Baku
lum ,Tidak Baku
lupaa,Tidak Baku
maap,Tidak Baku
maapkan,Tidak Baku
maba,Tidak Baku
macacih,Tidak Baku
macama,Tidak Baku
macem,Tidak Baku
maen,Tidak Baku
maenan,Tidak Baku
mager,Tidak Baku
maghrib,Tidak Baku
mahu,Tidak Baku
mainstream,Tidak Baku
makacih,Tidak Baku
makanua,Tidak Baku
makasih,Tidak Baku
make,Tidak Baku
makenya,Tidak Baku
maks,Tidak Baku
maksa,Tidak Baku
malem,Tidak Baku
malem2,Tidak Baku
males,Tidak Baku
males2an,Tidak Baku
mall,Tidak Baku
malming,Tidak Baku
malming,Tidak Baku
mamih,Tidak Baku
mampos,Tidak Baku
managemen,Tidak Baku
manager,Tidak Baku
mandang,Tidak Baku
mangats,Tidak Baku
manggil,Tidak Baku
mangkok,Tidak Baku
maniez,Tidak Baku
mantab,Tidak Baku
mantengin,Tidak Baku
mantep,Tidak Baku
mantera,Tidak Baku
mantul,Tidak Baku
marah2an,Tidak Baku
mas2,Tidak Baku
masing2,Tidak Baku
matre,Tidak Baku
mav,Tidak Baku
mba,Tidak Baku
mbulet,Tidak Baku
mcem,Tidak Baku
mcerna,Tidak Baku
mcm,Tidak Baku
mcm2,Tidak Baku
mdh,Tidak Baku
mejeng,Tidak Baku
meler,Tidak Baku
member,Tidak Baku
mendahyung,Tidak Baku
mendidiq,Tidak Baku
mengungkapkanya,Tidak Baku
mentang2,Tidak Baku
mentri,Tidak Baku
mepet2,Tidak Baku
mercun,Tidak Baku
mergokin,Tidak Baku
merhatiin,Tidak Baku
mesen,Tidak Baku
mesjid,Tidak Baku
met,Tidak Baku
metoda,Tidak Baku
meyinggung,Tidak Baku
mf,Tidak Baku
mg,Tidak Baku
mggu,Tidak Baku
mgk,Tidak Baku
mgkn,Tidak Baku
mgnggu,Tidak Baku
mgu,Tidak Baku
mhs,Tidak Baku
mhsw,Tidak Baku
mikir,Tidak Baku
mikiri,Tidak Baku
mikirin,Tidak Baku
milih,Tidak Baku
milyar,Tidak Baku
mimin,Tidak Baku
mindahkan,Tidak Baku
mindset,Tidak Baku
mingkem,Tidak Baku
minjem,Tidak Baku
mirip2,Tidak Baku
mka,Tidak Baku
mkn,Tidak Baku
mkny,Tidak Baku
mks,Tidak Baku
mksd,Tidak Baku
mksh,Tidak Baku
mksudku,Tidak Baku
mlekat,Tidak Baku
mlh,Tidak Baku
mlm,Tidak Baku
mls,Tidak Baku
mlu,Tidak Baku
mmang,Tidak Baku
mmg,Tidak Baku
mmpelajari,Tidak Baku
mmpu,Tidak Baku
mn,Tidak Baku
mna,Tidak Baku
mnang,Tidak Baku
mngena,Tidak Baku
mnghilangkan,Tidak Baku
mngkn,Tidak Baku
mngrti,Tidak Baku
mngusap,Tidak Baku
mnrt,Tidak Baku
mnurut,Tidak Baku
mo,Tidak Baku
motip,Tidak Baku
mreka,Tidak Baku
mrh,Tidak Baku
mrk,Tidak Baku
msh,Tidak Baku
msk,Tidak Baku
mslh,Tidak Baku
msti,Tidak Baku
msuk,Tidak Baku
mudh,Tidak Baku
muke,Tidak Baku
mulu,Tidak Baku
muncrat,Tidak Baku
mungki,Tidak Baku
musti,Tidak Baku
musyafir,Tidak Baku
muterin,Tidak Baku
mw,Tidak Baku
mz,Tidak Baku
nabrak,Tidak Baku
nabung,Tidak Baku
nackal,Tidak Baku
naek,Tidak Baku
nafas,Tidak Baku
nagih,Tidak Baku
nahas,Tidak Baku
nahkoda,Tidak Baku
naksir,Tidak Baku
nambah,Tidak Baku
nampak,Tidak Baku
nampar,Tidak Baku
nanggung,Tidak Baku
nanya,Tidak Baku
napa,Tidak Baku
naro,Tidak Baku
narsis,Tidak Baku
nasehat,Tidak Baku
nayang,Tidak Baku
nda,Tidak Baku
ndaftar,Tidak Baku
ndak,Tidak Baku
ndas,Tidak Baku
ndes,Tidak Baku
ndut,Tidak Baku
nebak,Tidak Baku
negatip,Tidak Baku
negeri,Tidak Baku
negri,Tidak Baku
nelfonin,Tidak Baku
nelp,Tidak Baku
nelpon,Tidak Baku
nemenin,Tidak Baku
nempel,Tidak Baku
nemu,Tidak Baku
nemuin,Tidak Baku
nerima,Tidak Baku
netto,Tidak Baku
ngabisin,Tidak Baku
ngabuburit,Tidak Baku
ngacangin,Tidak Baku
ngaceng,Tidak Baku
ngacir,Tidak Baku
ngadain,Tidak Baku
ngadat,Tidak Baku
ngadepin,Tidak Baku
ngajak,Tidak Baku
ngajakin,Tidak Baku
ngajar,Tidak Baku
ngajarin,Tidak Baku
ngak,Tidak Baku
ngakak,Tidak Baku
ngakuin,Tidak Baku
ngalah,Tidak Baku
ngalihin,Tidak Baku
ngamati,Tidak Baku
ngambek,Tidak Baku
ngambil,Tidak Baku
ngambilnya,Tidak Baku
ngamen,Tidak Baku
ngangeni,Tidak Baku
ngangenin,Tidak Baku
nganggep,Tidak Baku
ngangkat,Tidak Baku
ngantor,Tidak Baku
ngantuk,Tidak Baku
ngapa,Tidak Baku
ngapa2in,Tidak Baku
ngapain,Tidak Baku
ngapus,Tidak Baku
ngarep,Tidak Baku
ngarti,Tidak Baku
ngasi,Tidak Baku
ngasih,Tidak Baku
ngatasin,Tidak Baku
ngatur,Tidak Baku
ngchat,Tidak Baku
ngeadmin,Tidak Baku
ngebalik,Tidak Baku
ngeband,Tidak Baku
ngebantu,Tidak Baku
ngebela,Tidak Baku
ngeblock,Tidak Baku
ngebosenin,Tidak Baku
ngebug,Tidak Baku
ngebut,Tidak Baku
ngece2,Tidak Baku
ngecek,Tidak Baku
ngechat,Tidak Baku
ngedeketin,Tidak Baku
ngefans,Tidak Baku
ngefek,Tidak Baku
ngegame,Tidak Baku
ngeganggu,Tidak Baku
ngehadapin,Tidak Baku
ngehargain,Tidak Baku
ngejar,Tidak Baku
ngejual,Tidak Baku
ngekos,Tidak Baku
ngelanjutin,Tidak Baku
ngelatih,Tidak Baku
ngeledek,Tidak Baku
ngelepas,Tidak Baku
ngeliat,Tidak Baku
ngeluarin,Tidak Baku
ngeluh,Tidak Baku
ngemeng,Tidak Baku
ngenes,Tidak Baku
ngentut,Tidak Baku
ngerasa,Tidak Baku
ngerasain,Tidak Baku
ngerebut,Tidak Baku
ngerjain,Tidak Baku
ngeroko,Tidak Baku
ngerti,Tidak Baku
ngerubah,Tidak Baku
ngeselin,Tidak Baku
ngetik,Tidak Baku
ngetweet,Tidak Baku
ngetwit,Tidak Baku
ngg,Tidak Baku
ngga,Tidak Baku
nggak,Tidak Baku
nggilani,Tidak Baku
ngibul,Tidak Baku
ngikut,Tidak Baku
ngikutin,Tidak Baku
ngingetin,Tidak Baku
ngintipin,Tidak Baku
ngiranya,Tidak Baku
ngirim,Tidak Baku
ngisi,Tidak Baku
ngk,Tidak Baku
ngobrol,Tidak Baku
ngocol,Tidak Baku
ngojek,Tidak Baku
ngomel,Tidak Baku
ngomong,Tidak Baku
ngomongin,Tidak Baku
ngomongnya,Tidak Baku
ngonser,Tidak Baku
ngos2an,Tidak Baku
ngos-ngosan,Tidak Baku
ngucapin,Tidak Baku
ngumpul,Tidak Baku
ngumpulin,Tidak Baku
ngupil,Tidak Baku
ngurus,Tidak Baku
ngurusin,Tidak Baku
nic,Tidak Baku
nich,Tidak Baku
nig,Tidak Baku
nih,Tidak Baku
nihh,Tidak Baku
nii,Tidak Baku
nilai2,Tidak Baku
nimpuk,Tidak Baku
nitizen,Tidak Baku
njir,Tidak Baku
njomplang,Tidak Baku
nnt,Tidak Baku
nnti,Tidak Baku
nntn,Tidak Baku
nolak,Tidak Baku
nolak2in,Tidak Baku
nomer,Tidak Baku
nongkrong,Tidak Baku
nonton,Tidak Baku
nopember,Tidak Baku
norak,Tidak Baku
notif,Tidak Baku
notip2,Tidak Baku
notulen,Tidak Baku
np,Tidak Baku
npa,Tidak Baku
nt,Tidak Baku
ntar,Tidak Baku
nti,Tidak Baku
ntr,Tidak Baku
nulis,Tidak Baku
numpang,Tidak Baku
nunggu,Tidak Baku
nungguin,Tidak Baku
nuntun,Tidak Baku
nutupin,Tidak Baku
nuwun,Tidak Baku
ny,Tidak Baku
nyakitin,Tidak Baku
nyampe,Tidak Baku
nyangka,Tidak Baku
nyantunin,Tidak Baku
nyapa,Tidak Baku
nyapres,Tidak Baku
nyari,Tidak Baku
nyariin,Tidak Baku
nyatuin,Tidak Baku
nyebutin,Tidak Baku
nyeleneh,Tidak Baku
nyemangatin,Tidak Baku
nyembuhin,Tidak Baku
nyenengin,Tidak Baku
nyepam,Tidak Baku
nyesek,Tidak Baku
nyesel,Tidak Baku
nyetel,Tidak Baku
nyetok,Tidak Baku
nyiapin,Tidak Baku
nyimak,Tidak Baku
nyimpen,Tidak Baku
nyinyir,Tidak Baku
nyium,Tidak Baku
nyoba,Tidak Baku
nyobain,Tidak Baku
nyokap,Tidak Baku
nyolot,Tidak Baku
nyomot,Tidak Baku
nyungsep,Tidak Baku
nyuruh,Tidak Baku
oalah,Tidak Baku
obrol,Tidak Baku
obyek,Tidak Baku
obyektif,Tidak Baku
ogah,Tidak Baku
oiya,Tidak Baku
oleh2,Tidak Baku
omset,Tidak Baku
ongkir,Tidak Baku
onlen,Tidak Baku
onyet,Tidak Baku
orang2,Tidak Baku
org,Tidak Baku
organisir,Tidak Baku
orisinil,Tidak Baku
orng,Tidak Baku
ortodok,Tidak Baku
ortunya,Tidak Baku
otewe,Tidak Baku
otw,Tidak Baku
pa,Tidak Baku
pake,Tidak Baku
palm,Tidak Baku
pantes,Tidak Baku
pantesan,Tidak Baku
panutanqu,Tidak Baku
panutanquu,Tidak Baku
pape,Tidak Baku
paps,Tidak Baku
paradok,Tidak Baku
paramedi,Tidak Baku
pas photo,Tidak Baku
pasport,Tidak Baku
pavilion,Tidak Baku
pd,Tidak Baku
pdhl,Tidak Baku
pebruari,Tidak Baku
pecah2,Tidak Baku
pedes,Tidak Baku
pegel2,Tidak Baku
pelan2,Tidak Baku
peluang,Tidak Baku
pengen,Tidak Baku
penghianat,Tidak Baku
personil,Tidak Baku
pesbuk,Tidak Baku
pg,Tidak Baku
photo,Tidak Baku
photokopi,Tidak Baku
pilm,Tidak Baku
pilpres,Tidak Baku
pingin,Tidak Baku
pinjem,Tidak Baku
pinter,Tidak Baku
piranti,Tidak Baku
pk,Tidak Baku
pke,Tidak Baku
pkl,Tidak Baku
plg,Tidak Baku
plh,Tidak Baku
pls,Tidak Baku
pm,Tidak Baku
pnah,Tidak Baku
pngen,Tidak Baku
pnggil,Tidak Baku
pnting,Tidak Baku
pny,Tidak Baku
pnya,Tidak Baku
pnyanyi,Tidak Baku
pondasi,Tidak Baku
ponsel,Tidak Baku
ponselnya,Tidak Baku
popular,Tidak Baku
posting,Tidak Baku
postingan,Tidak Baku
poto,Tidak Baku
pp,Tidak Baku
prentelan,Tidak Baku
prmpuan,Tidak Baku
prnah,Tidak Baku
prnh,Tidak Baku
prodi,Tidak Baku
produktifitas,Tidak Baku
produktip,Tidak Baku
projek,Tidak Baku
propinsi,Tidak Baku
prototif,Tidak Baku
psang,Tidak Baku
psg,Tidak Baku
psng,Tidak Baku
pulak,Tidak Baku
pulng,Tidak Baku
pusng,Tidak Baku
putera,Tidak Baku
puteri,Tidak Baku
py,Tidak Baku
q,Tidak Baku
qm,Tidak Baku
rame,Tidak Baku
rangkap,Tidak Baku
rangkul2,Tidak Baku
rangsel,Tidak Baku
rapih,Tidak Baku
rapot,Tidak Baku
rasionil,Tidak Baku
rbu,Tidak Baku
reflek,Tidak Baku
rejeki,Tidak Baku
remaj,Tidak Baku
rematik,Tidak Baku
resiko,Tidak Baku
resistan,Tidak Baku
respon,Tidak Baku
resto,Tidak Baku
ribet,Tidak Baku
rmh,Tidak Baku
sahid,Tidak Baku
salken,Tidak Baku
sama2,Tidak Baku
sambel,Tidak Baku
sampe,Tidak Baku
sangsi,Tidak Baku
saos,Tidak Baku
satu2nya,Tidak Baku
sayangq,Tidak Baku
sayank,Tidak Baku
sbab,Tidak Baku
sbb,Tidak Baku
sbelah,Tidak Baku
sbg,Tidak Baku
sbgn,Tidak Baku
sblah,Tidak Baku
sblm,Tidak Baku
sbnrnya,Tidak Baku
sbntr,Tidak Baku
sbt,Tidak Baku
sbuk,Tidak Baku
scr,Tidak Baku
scra,Tidak Baku
sdarilah,Tidak Baku
sdg,Tidak Baku
sdh,Tidak Baku
sdkt,Tidak Baku
sdr,Tidak Baku
sdri,Tidak Baku
se7,Tidak Baku
seakan2,Tidak Baku
sebenernya,Tidak Baku
sefaham,Tidak Baku
segitu,Tidak Baku
sekala,Tidak Baku
sekali,Tidak Baku
sekedar,Tidak Baku
sekertaris,Tidak Baku
seksama,Tidak Baku
selaen,Tidak Baku
selagi,Tidak Baku
selebritis,Tidak Baku
selow,Tidak Baku
semalem,Tidak Baku
semi final,Tidak Baku
sempet,Tidak Baku
seneng,Tidak Baku
seprei,Tidak Baku
seru2an,Tidak Baku
servernya,Tidak Baku
sesuatu,Tidak Baku
sewaktu2,Tidak Baku
sexual,Tidak Baku
sgl,Tidak Baku
sgra,Tidak Baku
sgt,Tidak Baku
sholat,Tidak Baku
sht,Tidak Baku
siap2,Tidak Baku
siasiakan,Tidak Baku
sintesa,Tidak Baku
sistim,Tidak Baku
sistimatis,Tidak Baku
siyapp,Tidak Baku
sj,Tidak Baku
skali,Tidak Baku
skit,Tidak Baku
sklh,Tidak Baku
skli,Tidak Baku
skolah,Tidak Baku
skr,Tidak Baku
skrg,Tidak Baku
skrinsyut,Tidak Baku
skrng,Tidak Baku
skt,Tidak Baku
skuad,Tidak Baku
skul,Tidak Baku
slama,Tidak Baku
slamat,Tidak Baku
slasa,Tidak Baku
slg,Tidak Baku
sll,Tidak Baku
sllu,Tidak Baku
slmt,Tidak Baku
slng,Tidak Baku
slsa,Tidak Baku
slse,Tidak Baku
slu,Tidak Baku
sm,Tidak Baku
sma,Tidak Baku
smbil,Tidak Baku
smg,Tidak Baku
smkin,Tidak Baku
smlm,Tidak Baku
smngt,Tidak Baku
smp,Tidak Baku
smpai,Tidak Baku
smpe,Tidak Baku
smpt,Tidak Baku
smt,Tidak Baku
smtr,Tidak Baku
smua,Tidak Baku
smw,Tidak Baku
snang,Tidak Baku
snapgram,Tidak Baku
sndri,Tidak Baku
snen,Tidak Baku
sneng,Tidak Baku
sng,Tidak Baku
snggup,Tidak Baku
sngt,Tidak Baku
sni,Tidak Baku
snin,Tidak Baku
snyum,Tidak Baku
sodara,Tidak Baku
sok2an,Tidak Baku
soksokan,Tidak Baku
sono,Tidak Baku
sosmed,Tidak Baku
sp,Tidak Baku
spa,Tidak Baku
spaneng,Tidak Baku
sprt,Tidak Baku
sprti,Tidak Baku
spt,Tidak Baku
spti,Tidak Baku
spy,Tidak Baku
srt,Tidak Baku
ssh,Tidak Baku
stadiun,Tidak Baku
stalker,Tidak Baku
stress,Tidak Baku
stuju,Tidak Baku
stw,Tidak Baku
suara2,Tidak Baku
subyek,Tidak Baku
suka2,Tidak Baku
sukur,Tidak Baku
sumpe,Tidak Baku
sumringah,Tidak Baku
surpey,Tidak Baku
surpeynya,Tidak Baku
surt,Tidak Baku
survey,Tidak Baku
sush,Tidak Baku
sutera,Tidak Baku
sy,Tidak Baku
sya,Tidak Baku
syah,Tidak Baku
syahih,Tidak Baku
syantik,Tidak Baku
syaraf,Tidak Baku
syariah,Tidak Baku
syg,Tidak Baku
syp,Tidak Baku
syurga,Tidak Baku
t4,Tidak Baku
tag,Tidak Baku
taik,Tidak Baku
takda,Tidak Baku
takguna,Tidak Baku
tanda2,Tidak Baku
tangan,Tidak Baku
tapsiran,Tidak Baku
taroh,Tidak Baku
tau2,Tidak Baku
taubat,Tidak Baku
tauladan,Tidak Baku
tausyiah,Tidak Baku
tbh,Tidak Baku
td,Tidak Baku
tdi,Tidak Baku
tdk,Tidak Baku
tdr,Tidak Baku
team,Tidak Baku
tegor,Tidak Baku
tehnik,Tidak Baku
tehnisi,Tidak Baku
tehnologi,Tidak Baku
telfon,Tidak Baku
telpon,Tidak Baku
teman2,Tidak Baku
temen,Tidak Baku
temen2,Tidak Baku
temen2nya,Tidak Baku
temenan,Tidak Baku
temenin,Tidak Baku
temenku,Tidak Baku
temennya,Tidak Baku
tempramen,Tidak Baku
tentram,Tidak Baku
teoritis,Tidak Baku
terahir,Tidak Baku
terbru,Tidak Baku
tercyduk,Tidak Baku
terfikir,Tidak Baku
tergemez,Tidak Baku
terimakasi,Tidak Baku
terimakasih,Tidak Baku
terkadang,Tidak Baku
terlalu,Tidak Baku
terombang,Tidak Baku
tetep,Tidak Baku
tetiba,Tidak Baku
tetibe,Tidak Baku
teyus,Tidak Baku
tgas,Tidak Baku
tggu,Tidak Baku
tgh,Tidak Baku
tgl,Tidak Baku
tgn,Tidak Baku
tgs,Tidak Baku
thesis,Tidak Baku
thn,Tidak Baku
thr,Tidak Baku
thx,Tidak Baku
ti2,Tidak Baku
tiati,Tidak Baku
tidk,Tidak Baku
tinggl,Tidak Baku
tips,Tidak Baku
titi,Tidak Baku
tlah,Tidak Baku
tlg,Tidak Baku
tlng,Tidak Baku
tlp,Tidak Baku
tmn,Tidak Baku
tmpt,Tidak Baku
tnggl,Tidak Baku
tnp,Tidak Baku
tntang,Tidak Baku
tny,Tidak Baku
tnya,Tidak Baku
toladan,Tidak Baku
tp,Tidak Baku
tradisionil,Tidak Baku
trampil,Tidak Baku
transport,Tidak Baku
trdengar,Tidak Baku
trending,Tidak Baku
trims,Tidak Baku
triplek,Tidak Baku
trlalu,Tidak Baku
tropi,Tidak Baku
trpaksa,Tidak Baku
trs,Tidak Baku
trus,Tidak Baku
tt,Tidak Baku
ttg,Tidak Baku
ttp,Tidak Baku
tu2p,Tidak Baku
tugs,Tidak Baku
tuh,Tidak Baku
tuhan,Tidak Baku
tuhkan,Tidak Baku
tuk,Tidak Baku
tuker,Tidak Baku
tukeran,Tidak Baku
tv,Tidak Baku
tw,Tidak Baku
tweetku,Tidak Baku
twit,Tidak Baku
twitter,Tidak Baku
uda,Tidak Baku
udah,Tidak Baku
udh,Tidak Baku
ulng,Tidak Baku
umroh,Tidak Baku
univ,Tidak Baku
untk,Tidak Baku
unyu,Tidak Baku
urgent,Tidak Baku
urin,Tidak Baku
ust,Tidak Baku
ustad,Tidak Baku
ustadz,Tidak Baku
utk,Tidak Baku
utng,Tidak Baku
varitas,Tidak Baku
verif,Tidak Baku
vermak,Tidak Baku
viral,Tidak Baku
walikota,Tidak Baku
walo,Tidak Baku
walopun,Tidak Baku
warbyasa,Tidak Baku
warganet,Tidak Baku
was2,Tidak Baku
wasap,Tidak Baku
wirausaha,Tidak Baku
wkwk,Tidak Baku
wkwkwk,Tidak Baku
wkwkwkww,Tidak Baku
wlpn,Tidak Baku
wnt,Tidak Baku
wrn,Tidak Baku
wrna,Tidak Baku
wudhu,Tidak Baku
x,Tidak Baku
xixixi,Tidak Baku
y,Tidak Baku
yaa,Tidak Baku
yach,Tidak Baku
yaelah,Tidak Baku
yah,Tidak Baku
yanx,Tidak Baku
yap,Tidak Baku
yaudah,Tidak Baku
yey,Tidak Baku
yg,Tidak Baku
yha,Tidak Baku
yiha,Tidak Baku
yng,Tidak Baku
yo,Tidak Baku
yoi,Tidak Baku
yok,Tidak Baku
yudo,Tidak Baku
yukk,Tidak Baku
yukz,Tidak Baku
yunior,Tidak Baku
yup,Tidak Baku
yups,Tidak Baku
yuq,Tidak Baku
yutub,Tidak Baku
yutup,Tidak Baku
z,Tidak Baku
zam-zam,Tidak Baku
zone,Tidak Baku
